CREATE TABLE "public"."goods_search" (
  "id" uuid NOT NULL,
  "good_id" varchar NOT NULL,
  "group_id" uuid NOT NULL,
  "game" int2 NOT NULL,
  "display_name" text NOT NULL,
  "original_name" text NOT NULL,
  "image_id" text NOT NULL,
  "status" int2 NOT NULL,
  "has_offers" bool NOT NULL DEFAULT false,
  "features" jsonb NOT NULL,
  "prices" jsonb NOT NULL,
  "number_of_sales_per_week" int4 NOT NULL,
  "avg_price_for_week_rub" numeric NOT NULL,
  "avg_price_for_week_usd" numeric NOT NULL,
  "avg_price_for_week_eur" numeric NOT NULL,
  "created_at" timestamptz NOT NULL DEFAULT now(),
  "updated_at" timestamptz NOT NULL DEFAULT now(),
  PRIMARY KEY ("id")
);

CREATE TABLE "public"."stores" (
    "id" uuid NOT NULL,
    "owner_id" varchar NOT NULL,
    "status" int2 NOT NULL,
    "alias" text NOT NULL,
    "total_deals" int4 NOT NULL DEFAULT 0,
    "active_deals" int4 NOT NULL DEFAULT 0,
    "feedbacks" int4 NOT NULL DEFAULT 0,
    "deals_duration" int4 NOT NULL DEFAULT 0,
    "rating" numeric NOT NULL DEFAULT 0,
    "is_online" bool NOT NULL DEFAULT false,
    "online_changed_at" timestamptz,
    "disabled_by" varchar,
    "created_at" timestamptz NOT NULL,
    "updated_at" timestamptz NOT NULL,
    PRIMARY KEY ("id")
);

CREATE TABLE "public"."stores_search" (
  "item_id" uuid NOT NULL,
  "game" int2 NOT NULL,
  "good_id" uuid NOT NULL,
  "good_name" text NOT NULL,
  "store_id" uuid NOT NULL,
  "account_id" uuid NOT NULL,
  "status" int2 NOT NULL,
  "comment" jsonb NOT NULL,
  "prices" jsonb NOT NULL,
  "store_status" int2 NOT NULL,
  "store_online" bool NOT NULL DEFAULT false,
  "store_rating" numeric NOT NULL,
  "store_feedbacks" int4 NOT NULL,
  "store_duration" int4 NOT NULL,
  "store_created_at" timestamptz NOT NULL,
  "updated_at" timestamptz NOT NULL DEFAULT now(),
  PRIMARY KEY ("item_id")
);

CREATE TABLE "public"."stores_prices" (
  "item_id" uuid NOT NULL,
  "good_id" uuid NOT NULL,
  "rub" numeric NOT NULL,
  "usd" numeric NOT NULL,
  "eur" numeric NOT NULL,
  "base_price" numeric NOT NULL DEFAULT 0,
  "currency" varchar NOT NULL,
  "country" varchar,
  "coefficient" varchar NOT NULL DEFAULT '000'::character varying,
  "updated_at" timestamptz NOT NULL,
  PRIMARY KEY ("item_id","coefficient")
);

INSERT INTO "public"."goods_search" ("id", "good_id", "group_id", "game", "display_name", "original_name", "image_id", "status", "has_offers", "features", "prices", "number_of_sales_per_week", "avg_price_for_week_rub", "avg_price_for_week_usd", "avg_price_for_week_eur", "created_at", "updated_at") VALUES
('019987a4-0db7-732a-b1ee-7e65d6921972', '61b8e9062a4185a79602c47f', '93342c0f-0e57-5acb-ba2b-ed9c60ef0996', 0, 'Bandicoot', 'bandicoot', 'bandicoot_31147993042038658026162806155425434015', 10, 't', '[{"key": "pumping", "label": "P", "title": "Pumping", "value": "default"}, {"key": "flyable", "label": "F", "title": "Flyable", "value": "true"}, {"key": "rideable", "label": "R", "title": "Rideable", "value": "true"}, {"key": "age", "label": "A", "title": "Age", "value": "newborn"}, {"key": "rarity", "label": "R", "title": "Rarity", "value": "common"}, {"key": "type", "label": "T", "title": "Type", "value": "pet"}]', '[{"eur": "14.93", "rub": "1501.94", "usd": "16.81", "coefficient": "000"}, {"eur": "16.93", "rub": "1703.64", "usd": "18.92", "coefficient": "005"}, {"eur": "19.37", "rub": "1949.46", "usd": "21.65", "coefficient": "010"}, {"eur": "22.38", "rub": "2252.02", "usd": "25.01", "coefficient": "015"}, {"eur": "26.16", "rub": "2632.91", "usd": "29.24", "coefficient": "020"}, {"eur": "31.00", "rub": "3119.15", "usd": "34.64", "coefficient": "025"}, {"eur": "37.31", "rub": "3754.87", "usd": "41.70", "coefficient": "030"}, {"eur": "57.55", "rub": "5790.78", "usd": "64.31", "coefficient": "040"}, {"eur": "100.73", "rub": "10136.36", "usd": "112.57", "coefficient": "050"}, {"eur": "223.85", "rub": "22526.55", "usd": "250.17", "coefficient": "060"}]', 0, 0.00, 0.00, 0.00, '2025-09-15 23:57:41.02+00', '2026-03-12 23:52:31.293919+00'),
('019987a4-0dc3-7018-8d0c-f4eb79096c2f', '61b8e9062a4185a79602c492', '93342c0f-0e57-5acb-ba2b-ed9c60ef0996', 0, 'Bandicoot', 'bandicoot', 'bandicoot_31147993042038658026162806155425434015', 10, 't', '[{"key": "pumping", "label": "P", "title": "Pumping", "value": "default"}, {"key": "flyable", "label": "F", "title": "Flyable", "value": "false"}, {"key": "rideable", "label": "R", "title": "Rideable", "value": "false"}, {"key": "age", "label": "A", "title": "Age", "value": "junior"}, {"key": "rarity", "label": "R", "title": "Rarity", "value": "common"}, {"key": "type", "label": "T", "title": "Type", "value": "pet"}]', '[{"eur": "15.84", "rub": "1593.79", "usd": "17.70", "coefficient": "000"}, {"eur": "17.98", "rub": "1808.99", "usd": "20.09", "coefficient": "005"}, {"eur": "20.55", "rub": "2068.32", "usd": "22.97", "coefficient": "010"}, {"eur": "23.75", "rub": "2389.78", "usd": "26.54", "coefficient": "015"}, {"eur": "27.76", "rub": "2793.19", "usd": "31.02", "coefficient": "020"}, {"eur": "32.91", "rub": "3311.85", "usd": "36.78", "coefficient": "025"}, {"eur": "39.60", "rub": "3984.48", "usd": "44.25", "coefficient": "030"}, {"eur": "61.09", "rub": "6147.36", "usd": "68.27", "coefficient": "040"}, {"eur": "106.91", "rub": "10758.57", "usd": "119.48", "coefficient": "050"}, {"eur": "237.57", "rub": "23906.94", "usd": "265.50", "coefficient": "060"}]', 0, 0.00, 0.00, 0.00, '2025-09-15 23:57:41.02+00', '2026-03-12 23:52:31.293919+00'),
('019987a4-0dc4-7620-8796-a2936e1851c1', '61b8e9062a4185a79602c494', '93342c0f-0e57-5acb-ba2b-ed9c60ef0996', 0, 'Bandicoot', 'bandicoot', 'bandicoot_31147993042038658026162806155425434015', 10, 't', '[{"key": "pumping", "label": "P", "title": "Pumping", "value": "default"}, {"key": "flyable", "label": "F", "title": "Flyable", "value": "false"}, {"key": "rideable", "label": "R", "title": "Rideable", "value": "false"}, {"key": "age", "label": "A", "title": "Age", "value": "teen"}, {"key": "rarity", "label": "R", "title": "Rarity", "value": "common"}, {"key": "type", "label": "T", "title": "Type", "value": "pet"}]', '[{"eur": "11.19", "rub": "1125.55", "usd": "12.50", "coefficient": "000"}, {"eur": "12.69", "rub": "1276.83", "usd": "14.18", "coefficient": "005"}, {"eur": "14.51", "rub": "1460.52", "usd": "16.22", "coefficient": "010"}, {"eur": "16.77", "rub": "1687.43", "usd": "18.74", "coefficient": "015"}, {"eur": "19.61", "rub": "1972.88", "usd": "21.91", "coefficient": "020"}, {"eur": "23.25", "rub": "2339.36", "usd": "25.98", "coefficient": "025"}, {"eur": "27.96", "rub": "2813.90", "usd": "31.25", "coefficient": "030"}, {"eur": "43.15", "rub": "4341.96", "usd": "48.22", "coefficient": "040"}, {"eur": "75.50", "rub": "7597.99", "usd": "84.38", "coefficient": "050"}, {"eur": "167.78", "rub": "16883.43", "usd": "187.50", "coefficient": "060"}]', 0, 0.00, 0.00, 0.00, '2025-09-15 23:57:41.02+00', '2026-03-12 23:52:31.293919+00');

INSERT INTO "public"."stores" ("id", "owner_id", "status", "alias", "total_deals", "active_deals", "feedbacks", "deals_duration", "rating", "is_online", "created_at", "updated_at", "online_changed_at", "disabled_by") VALUES
('019987a4-0995-7019-b49b-b4c0325a55a8', '350c1dd7db47b6c87fccf17d', 3, 'Estevan.Witting-Frami', 194, 0, 12, 2, 3.08, 't', '2025-09-26 10:07:55.849+00', '2025-09-26 11:46:17.083+00', '2025-12-19 08:16:43.894312+00', NULL),
('019987a4-0996-756e-802a-06a8978da611', '34ccc02ba2e6e55713823ee9', 2, 'Edmund_Fisher3', 912, 0, 12, 16, 2.67, 'f', '2025-09-26 17:02:21.838+00', '2025-09-26 17:14:34.467+00', '2025-12-19 08:16:43.894312+00', NULL),
('019987a4-0996-756e-802a-0e6122df2662', 'de3b93abd3adcce4e8bafd9c', 3, 'Leila_Hackett', 386, 0, 11, 23, 3.36, 'f', '2025-09-26 13:43:21.916+00', '2025-09-26 08:06:26.939+00', '2025-12-19 08:16:43.894312+00', NULL),
('019987a4-0997-771f-aa7b-7327d2483f8d', '9dbfe142af03be77ffce9fae', 3, 'Stanley11', 24, 0, 12, 20, 3.25, 'f', '2025-09-26 08:05:37.244+00', '2025-09-26 03:31:15.357+00', '2025-12-19 08:16:43.894312+00', NULL),
('019987a4-0997-771f-aa7b-7bbca2c115e2', 'baeb1a7fc337dd88e83cb4e7', 3, 'Millie_Crona77', 799, 0, 14, 26, 3.29, 'f', '2025-09-26 08:34:21.564+00', '2025-09-26 17:53:15.143+00', '2025-12-19 08:16:43.894312+00', NULL),
('019987a4-0997-771f-aa7b-7ddecf3bd5b5', '68821fe6eaa1f92e218a28d7', 3, 'Angelita_Sporer', 855, 0, 17, 4, 2.76, 'f', '2025-09-26 16:09:18.937+00', '2025-09-26 05:22:59.263+00', '2025-12-19 08:16:43.894312+00', NULL),
('019987a4-0997-771f-aa7b-8918e932adc8', '89ebafe37dd9cc3dce372eba', 3, 'Amir.Howell14', 483, 0, 12, 14, 2.92, 'f', '2025-09-26 14:33:57.328+00', '2025-09-26 01:30:35.539+00', '2025-12-19 08:16:43.894312+00', NULL),
('019987a4-0997-771f-aa7b-8c38481d4929', 'c8db2b9cf50dd50de0ad53ab', 3, 'Laurine.King', 815, 0, 17, 7, 2.41, 'f', '2025-09-26 10:03:19.401+00', '2025-09-27 00:23:31.91+00', '2025-12-19 08:16:43.894312+00', NULL),
('019987a4-0997-771f-aa7b-99cccbe0a697', 'b6aa2c64670b123be15db551', 3, 'Reva.OConner82', 810, 0, 10, 4, 3.40, 'f', '2025-09-26 11:08:10.17+00', '2025-09-26 18:18:01.51+00', '2025-12-19 08:16:43.894312+00', NULL),
('019987a4-0997-771f-aa7b-9f25dc4f2369', 'b2bbfe0edfe8edcd4f71de42', 3, 'Jacinthe.Denesik', 764, 0, 18, 29, 3.44, 'f', '2025-09-26 03:02:55.699+00', '2025-09-26 12:58:36.942+00', '2025-12-19 08:16:43.894312+00', NULL),
('019987a4-0997-771f-aa7b-a0eb2a3e04ea', '12e20ab6b092cac1f99ecef4', 3, 'Moshe37', 168, 0, 10, 29, 3.80, 'f', '2025-09-26 17:01:23.838+00', '2025-09-26 23:58:07.602+00', '2025-12-19 08:16:43.894312+00', NULL),
('019987a4-0998-7768-90c6-aaf33b3b182f', '1fdb28bb0cf7aeaf9abeda2d', 3, 'Riley88', 649, 0, 16, 28, 2.94, 'f', '2025-09-26 02:16:55.164+00', '2025-09-26 16:17:47.421+00', '2025-12-19 08:16:43.894312+00', NULL),
('0199a650-9d90-7364-8e2a-b39bdcbc8091', '685e8f4ec075c6672c292f60', 3, '0199a650-9d90-7364-8e2a-b39bdcbc8091', 18, 0, 0, 0, 0.00, 'f', '2025-06-27 12:32:14.081+00', '2026-02-03 07:42:35.774+00', '2026-02-03 07:42:35.774+00', 'inactivity_worker');

INSERT INTO "public"."stores_search" ("item_id", "game", "good_id", "good_name", "store_id", "account_id", "status", "comment", "prices", "store_status", "store_online", "store_rating", "store_feedbacks", "store_duration", "store_created_at", "updated_at") VALUES
('019987a4-0db7-732a-b1ee-a019bb7fc8eb', 0, '019987a4-0db7-732a-b1ee-7e65d6921972', 'Bandicoot', '019987a4-0997-771f-aa7b-9f25dc4f2369', '019987a4-09bd-7472-8310-7cfc53187df7', 0, '[]', '[{"eur": "20.71", "rub": "2231.10112", "usd": "26.02", "coefficient": "000"}, {"eur": "23.48", "rub": "2530.73", "usd": "29.51", "coefficient": "005"}, {"eur": "26.88", "rub": "2897.19", "usd": "33.78", "coefficient": "010"}, {"eur": "31.06", "rub": "3347.72", "usd": "39.04", "coefficient": "015"}, {"eur": "36.28", "rub": "3910.35", "usd": "45.6", "coefficient": "020"}, {"eur": "43.01", "rub": "4635.72", "usd": "54.06", "coefficient": "025"}, {"eur": "51.75", "rub": "5577.75", "usd": "65.04", "coefficient": "030"}, {"eur": "79.85", "rub": "8606.44", "usd": "100.36", "coefficient": "040"}, {"eur": "139.73", "rub": "15060.47", "usd": "175.62", "coefficient": "050"}, {"eur": "310.5", "rub": "33466.52", "usd": "390.25", "coefficient": "060"}]', 3, 'f', 3.44, 18, 29, '2025-09-26 03:02:55.699+00', '2026-03-12 23:52:19.108056+00'),
('019987a4-0db7-732a-b1ee-c5176c27f4e4', 0, '019987a4-0db7-732a-b1ee-7e65d6921972', 'Bandicoot', '019987a4-0996-756e-802a-06a8978da611', '019987a4-09a1-75e1-a349-c135ca76042b', 10, '[]', '[{"eur": "14.93", "rub": "1501.94", "usd": "16.81", "coefficient": "000"}, {"eur": "16.93", "rub": "1703.64", "usd": "18.92", "coefficient": "005"}, {"eur": "19.37", "rub": "1949.46", "usd": "21.65", "coefficient": "010"}, {"eur": "22.38", "rub": "2252.02", "usd": "25.01", "coefficient": "015"}, {"eur": "26.16", "rub": "2632.91", "usd": "29.24", "coefficient": "020"}, {"eur": "31", "rub": "3119.15", "usd": "34.64", "coefficient": "025"}, {"eur": "37.31", "rub": "3754.87", "usd": "41.7", "coefficient": "030"}, {"eur": "57.55", "rub": "5790.78", "usd": "64.31", "coefficient": "040"}, {"eur": "100.73", "rub": "10136.36", "usd": "112.57", "coefficient": "050"}, {"eur": "223.85", "rub": "22526.55", "usd": "250.17", "coefficient": "060"}]', 2, 'f', 2.67, 12, 16, '2025-09-26 17:02:21.838+00', '2026-03-12 23:52:19.108056+00'),
('019987a4-0db8-717f-b1dd-98c3e8f23d40', 0, '019987a4-0db7-732a-b1ee-7e65d6921972', 'Bandicoot', '019987a4-0996-756e-802a-06a8978da611', '019987a4-09a1-75e1-a349-c135ca76042b', 10, '[]', '[{"eur": "15.08", "rub": "1625.35", "usd": "18.95", "coefficient": "000"}, {"eur": "17.11", "rub": "1844.15", "usd": "21.5", "coefficient": "005"}, {"eur": "19.58", "rub": "2110.38", "usd": "24.61", "coefficient": "010"}, {"eur": "22.61", "rub": "2436.96", "usd": "28.42", "coefficient": "015"}, {"eur": "26.43", "rub": "2848.69", "usd": "33.22", "coefficient": "020"}, {"eur": "31.32", "rub": "3375.74", "usd": "39.36", "coefficient": "025"}, {"eur": "37.7", "rub": "4063.40", "usd": "47.38", "coefficient": "030"}, {"eur": "58.16", "rub": "6268.63", "usd": "73.1", "coefficient": "040"}, {"eur": "101.77", "rub": "10969.04", "usd": "127.91", "coefficient": "050"}, {"eur": "226.17", "rub": "24377.21", "usd": "284.26", "coefficient": "060"}]', 2, 'f', 2.67, 12, 16, '2025-09-26 17:02:21.838+00', '2026-03-12 23:52:19.108056+00'),
('019987a4-0db8-717f-b1dd-bdda6d18674b', 0, '019987a4-0db7-732a-b1ee-7e65d6921972', 'Bandicoot', '019987a4-0998-7768-90c6-aaf33b3b182f', '019987a4-09c3-711f-ab86-0ccf9ab41f81', 10, '[]', '[{"eur": "18.12", "rub": "1953.01", "usd": "22.77", "coefficient": "000"}, {"eur": "20.56", "rub": "2216.00", "usd": "25.84", "coefficient": "005"}, {"eur": "23.52", "rub": "2535.04", "usd": "29.56", "coefficient": "010"}, {"eur": "27.19", "rub": "2930.60", "usd": "34.17", "coefficient": "015"}, {"eur": "31.77", "rub": "3424.25", "usd": "39.93", "coefficient": "020"}, {"eur": "37.65", "rub": "4058.01", "usd": "47.32", "coefficient": "025"}, {"eur": "45.3", "rub": "4882.55", "usd": "56.94", "coefficient": "030"}, {"eur": "69.89", "rub": "7532.92", "usd": "87.84", "coefficient": "040"}, {"eur": "122.33", "rub": "13185.05", "usd": "153.75", "coefficient": "050"}, {"eur": "271.83", "rub": "29298.57", "usd": "341.65", "coefficient": "060"}]', 3, 'f', 2.94, 16, 28, '2025-09-26 02:16:55.164+00', '2026-03-12 23:52:19.108056+00'),
('019987a4-0dc3-7018-8d0d-185d09359308', 0, '019987a4-0dc3-7018-8d0c-f4eb79096c2f', 'Bandicoot', '019987a4-0997-771f-aa7b-7ddecf3bd5b5', '019987a4-09b3-7318-9e9d-68c0208d3c17', 10, '[]', '[{"eur": "17.65", "rub": "1775.68", "usd": "19.72", "coefficient": "000"}, {"eur": "20.02", "rub": "2014.30", "usd": "22.37", "coefficient": "005"}, {"eur": "22.92", "rub": "2306.04", "usd": "25.61", "coefficient": "010"}, {"eur": "26.48", "rub": "2664.42", "usd": "29.59", "coefficient": "015"}, {"eur": "30.93", "rub": "3112.85", "usd": "34.57", "coefficient": "020"}, {"eur": "36.66", "rub": "3689.13", "usd": "40.97", "coefficient": "025"}, {"eur": "44.12", "rub": "4440.11", "usd": "49.31", "coefficient": "030"}, {"eur": "68.09", "rub": "6851.51", "usd": "76.09", "coefficient": "040"}, {"eur": "119.13", "rub": "11987.68", "usd": "133.13", "coefficient": "050"}, {"eur": "264.71", "rub": "26638.00", "usd": "295.83", "coefficient": "060"}]', 3, 'f', 2.76, 17, 4, '2025-09-26 16:09:18.937+00', '2026-03-12 23:52:19.108056+00'),
('019987a4-0dc3-7018-8d0d-3d06ebbcff60', 0, '019987a4-0dc3-7018-8d0c-f4eb79096c2f', 'Bandicoot', '019987a4-0997-771f-aa7b-8c38481d4929', '019987a4-09b8-746d-94ed-a0aedba92e1e', 10, '[]', '[{"eur": "12.63", "rub": "1361.29", "usd": "15.87", "coefficient": "000"}, {"eur": "14.33", "rub": "1544.52", "usd": "18.01", "coefficient": "005"}, {"eur": "16.4", "rub": "1767.63", "usd": "20.61", "coefficient": "010"}, {"eur": "18.95", "rub": "2042.47", "usd": "23.82", "coefficient": "015"}, {"eur": "22.14", "rub": "2386.30", "usd": "27.83", "coefficient": "020"}, {"eur": "26.25", "rub": "2829.29", "usd": "32.99", "coefficient": "025"}, {"eur": "31.59", "rub": "3404.85", "usd": "39.7", "coefficient": "030"}, {"eur": "48.73", "rub": "5252.24", "usd": "61.25", "coefficient": "040"}, {"eur": "85.28", "rub": "9191.70", "usd": "107.18", "coefficient": "050"}, {"eur": "189.51", "rub": "20425.89", "usd": "238.19", "coefficient": "060"}]', 3, 'f', 2.41, 17, 7, '2025-09-26 10:03:19.401+00', '2026-03-12 23:52:19.108056+00'),
('019987a4-0dc3-7018-8d0d-61d5782e56db', 0, '019987a4-0dc3-7018-8d0c-f4eb79096c2f', 'Bandicoot', '019987a4-0997-771f-aa7b-99cccbe0a697', '019987a4-09bc-722e-899d-bdd70a2e1458', 10, '[]', '[{"eur": "0.24", "rub": "18.46", "usd": "0.28", "coefficient": "000"}, {"eur": "0.27", "rub": "20.80", "usd": "0.32", "coefficient": "005"}, {"eur": "0.31", "rub": "23.59", "usd": "0.36", "coefficient": "010"}, {"eur": "0.35", "rub": "26.99", "usd": "0.41", "coefficient": "015"}, {"eur": "0.41", "rub": "31.19", "usd": "0.47", "coefficient": "020"}, {"eur": "0.47", "rub": "36.46", "usd": "0.55", "coefficient": "025"}, {"eur": "0.56", "rub": "43.19", "usd": "0.66", "coefficient": "030"}, {"eur": "0.83", "rub": "63.81", "usd": "0.97", "coefficient": "040"}, {"eur": "1.35", "rub": "103.98", "usd": "1.58", "coefficient": "050"}, {"eur": "2.61", "rub": "200.55", "usd": "3.04", "coefficient": "060"}]', 3, 'f', 3.40, 10, 4, '2025-09-26 11:08:10.17+00', '2026-03-12 23:52:19.108056+00'),
('019987a4-0dc3-7018-8d0d-85f45c018e38', 0, '019987a4-0dc3-7018-8d0c-f4eb79096c2f', 'Bandicoot', '019987a4-0996-756e-802a-0e6122df2662', '019987a4-09a5-70a9-940a-cde1ed4fba59', 10, '[]', '[{"eur": "11.13", "rub": "1199.61", "usd": "13.99", "coefficient": "000"}, {"eur": "12.63", "rub": "1361.29", "usd": "15.87", "coefficient": "005"}, {"eur": "14.45", "rub": "1557.45", "usd": "18.16", "coefficient": "010"}, {"eur": "16.7", "rub": "1799.96", "usd": "20.99", "coefficient": "015"}, {"eur": "19.52", "rub": "2103.91", "usd": "24.53", "coefficient": "020"}, {"eur": "23.12", "rub": "2491.93", "usd": "29.06", "coefficient": "025"}, {"eur": "27.84", "rub": "3000.66", "usd": "34.99", "coefficient": "030"}, {"eur": "42.95", "rub": "4629.26", "usd": "53.98", "coefficient": "040"}, {"eur": "75.15", "rub": "8099.86", "usd": "94.45", "coefficient": "050"}, {"eur": "167.01", "rub": "18000.78", "usd": "209.91", "coefficient": "060"}]', 3, 'f', 3.36, 11, 23, '2025-09-26 13:43:21.916+00', '2026-03-12 23:52:19.108056+00'),
('019987a4-0dc4-7620-8795-0ce3eb132703', 0, '019987a4-0dc3-7018-8d0c-f4eb79096c2f', 'Bandicoot', '019987a4-0997-771f-aa7b-7bbca2c115e2', '019987a4-09b1-7239-88e6-96d254bcb740', 10, '[]', '[{"eur": "15.93", "rub": "1716.97", "usd": "20.02", "coefficient": "000"}, {"eur": "18.07", "rub": "1947.62", "usd": "22.71", "coefficient": "005"}, {"eur": "20.69", "rub": "2230.01", "usd": "26", "coefficient": "010"}, {"eur": "23.9", "rub": "2576.00", "usd": "30.04", "coefficient": "015"}, {"eur": "27.93", "rub": "3010.36", "usd": "35.1", "coefficient": "020"}, {"eur": "33.09", "rub": "3566.52", "usd": "41.59", "coefficient": "025"}, {"eur": "39.84", "rub": "4294.05", "usd": "50.07", "coefficient": "030"}, {"eur": "61.45", "rub": "6623.24", "usd": "77.23", "coefficient": "040"}, {"eur": "107.55", "rub": "11592.02", "usd": "135.17", "coefficient": "050"}, {"eur": "239.01", "rub": "25761.14", "usd": "300.4", "coefficient": "060"}]', 3, 'f', 3.29, 14, 26, '2025-09-26 08:34:21.564+00', '2026-03-12 23:52:19.108056+00'),
('019987a4-0dc4-7620-8795-30b6fe5ecbca', 0, '019987a4-0dc3-7018-8d0c-f4eb79096c2f', 'Bandicoot', '019987a4-0995-7019-b49b-b4c0325a55a8', '019987a4-0998-7768-90c6-bc6755f78a2a', 10, '[]', '[{"eur": "0.27", "rub": "20.79", "usd": "0.32", "coefficient": "000"}, {"eur": "0.3", "rub": "23.41", "usd": "0.36", "coefficient": "005"}, {"eur": "0.35", "rub": "26.56", "usd": "0.4", "coefficient": "010"}, {"eur": "0.4", "rub": "30.39", "usd": "0.46", "coefficient": "015"}, {"eur": "0.46", "rub": "35.13", "usd": "0.53", "coefficient": "020"}, {"eur": "0.53", "rub": "41.04", "usd": "0.62", "coefficient": "025"}, {"eur": "0.63", "rub": "48.63", "usd": "0.74", "coefficient": "030"}, {"eur": "0.93", "rub": "71.84", "usd": "1.09", "coefficient": "040"}, {"eur": "1.52", "rub": "117.07", "usd": "1.78", "coefficient": "050"}, {"eur": "2.93", "rub": "225.82", "usd": "3.43", "coefficient": "060"}]', 3, 't', 3.08, 12, 2, '2025-09-26 10:07:55.849+00', '2026-03-12 23:52:19.108056+00'),
('019987a4-0dc4-7620-8795-542497ac21c3', 0, '019987a4-0dc3-7018-8d0c-f4eb79096c2f', 'Bandicoot', '019987a4-0996-756e-802a-06a8978da611', '019987a4-09a1-75e1-a349-cb4b7503e01e', 10, '[]', '[{"eur": "15.84", "rub": "1593.79", "usd": "17.7", "coefficient": "000"}, {"eur": "17.98", "rub": "1808.99", "usd": "20.09", "coefficient": "005"}, {"eur": "20.55", "rub": "2068.32", "usd": "22.97", "coefficient": "010"}, {"eur": "23.75", "rub": "2389.78", "usd": "26.54", "coefficient": "015"}, {"eur": "27.76", "rub": "2793.19", "usd": "31.02", "coefficient": "020"}, {"eur": "32.91", "rub": "3311.85", "usd": "36.78", "coefficient": "025"}, {"eur": "39.6", "rub": "3984.48", "usd": "44.25", "coefficient": "030"}, {"eur": "61.09", "rub": "6147.36", "usd": "68.27", "coefficient": "040"}, {"eur": "106.91", "rub": "10758.57", "usd": "119.48", "coefficient": "050"}, {"eur": "237.57", "rub": "23906.94", "usd": "265.5", "coefficient": "060"}]', 2, 'f', 2.67, 12, 16, '2025-09-26 17:02:21.838+00', '2026-03-12 23:52:19.108056+00'),
('019987a4-0dc4-7620-8795-7a995fe26fce', 0, '019987a4-0dc3-7018-8d0c-f4eb79096c2f', 'Bandicoot', '019987a4-0997-771f-aa7b-9f25dc4f2369', '019987a4-09bd-7472-8310-647ff06e5041', 10, '[]', '[{"eur": "0.19", "rub": "14.26", "usd": "0.22", "coefficient": "000"}, {"eur": "0.21", "rub": "16.06", "usd": "0.24", "coefficient": "005"}, {"eur": "0.24", "rub": "18.23", "usd": "0.28", "coefficient": "010"}, {"eur": "0.27", "rub": "20.85", "usd": "0.32", "coefficient": "015"}, {"eur": "0.31", "rub": "24.09", "usd": "0.37", "coefficient": "020"}, {"eur": "0.37", "rub": "28.16", "usd": "0.43", "coefficient": "025"}, {"eur": "0.43", "rub": "33.37", "usd": "0.51", "coefficient": "030"}, {"eur": "0.64", "rub": "49.30", "usd": "0.75", "coefficient": "040"}, {"eur": "1.04", "rub": "80.34", "usd": "1.22", "coefficient": "050"}, {"eur": "2.01", "rub": "154.95", "usd": "2.35", "coefficient": "060"}]', 3, 'f', 3.44, 18, 29, '2025-09-26 03:02:55.699+00', '2026-03-12 23:52:19.108056+00'),
('019987a4-0dc4-7620-8796-c6878f038f72', 0, '019987a4-0dc4-7620-8796-a2936e1851c1', 'Bandicoot', '019987a4-0996-756e-802a-06a8978da611', '019987a4-09a1-75e1-a349-cb4b7503e01e', 10, '[]', '[{"eur": "15.81", "rub": "1704.03", "usd": "19.87", "coefficient": "000"}, {"eur": "17.94", "rub": "1933.61", "usd": "22.55", "coefficient": "005"}, {"eur": "20.52", "rub": "2211.69", "usd": "25.79", "coefficient": "010"}, {"eur": "23.72", "rub": "2556.60", "usd": "29.81", "coefficient": "015"}, {"eur": "27.72", "rub": "2987.73", "usd": "34.84", "coefficient": "020"}, {"eur": "32.84", "rub": "3539.57", "usd": "41.27", "coefficient": "025"}, {"eur": "39.54", "rub": "4261.72", "usd": "49.7", "coefficient": "030"}, {"eur": "60.98", "rub": "6572.58", "usd": "76.64", "coefficient": "040"}, {"eur": "106.72", "rub": "11502.56", "usd": "134.13", "coefficient": "050"}, {"eur": "237.18", "rub": "25563.89", "usd": "298.1", "coefficient": "060"}]', 2, 'f', 2.67, 12, 16, '2025-09-26 17:02:21.838+00', '2026-03-12 23:52:19.108056+00'),
('019987a4-0dc4-7620-8796-e887c1e4bd23', 0, '019987a4-0dc4-7620-8796-a2936e1851c1', 'Bandicoot', '019987a4-0997-771f-aa7b-8c38481d4929', '019987a4-09b8-746d-94ed-aa29198d504a', 10, '[]', '[{"eur": "0.18", "rub": "13.62", "usd": "0.21", "coefficient": "000"}, {"eur": "0.2", "rub": "15.34", "usd": "0.23", "coefficient": "005"}, {"eur": "0.23", "rub": "17.40", "usd": "0.26", "coefficient": "010"}, {"eur": "0.26", "rub": "19.92", "usd": "0.3", "coefficient": "015"}, {"eur": "0.3", "rub": "23.02", "usd": "0.35", "coefficient": "020"}, {"eur": "0.35", "rub": "26.90", "usd": "0.41", "coefficient": "025"}, {"eur": "0.41", "rub": "31.87", "usd": "0.48", "coefficient": "030"}, {"eur": "0.61", "rub": "47.08", "usd": "0.71", "coefficient": "040"}, {"eur": "1", "rub": "76.73", "usd": "1.16", "coefficient": "050"}, {"eur": "1.92", "rub": "148.00", "usd": "2.25", "coefficient": "060"}]', 3, 'f', 2.41, 17, 7, '2025-09-26 10:03:19.401+00', '2026-03-12 23:52:19.108056+00'),
('019987a4-0dc4-7620-8797-0e5a6fd1b9b3', 0, '019987a4-0dc4-7620-8796-a2936e1851c1', 'Bandicoot', '019987a4-0997-771f-aa7b-8918e932adc8', '019987a4-09b7-765d-aa22-175e25029b84', 10, '[]', '[{"eur": "16.11", "rub": "1620.80", "usd": "18", "coefficient": "000"}, {"eur": "18.27", "rub": "1838.71", "usd": "20.42", "coefficient": "005"}, {"eur": "20.91", "rub": "2104.34", "usd": "23.37", "coefficient": "010"}, {"eur": "24.16", "rub": "2431.21", "usd": "27", "coefficient": "015"}, {"eur": "28.23", "rub": "2840.91", "usd": "31.55", "coefficient": "020"}, {"eur": "33.45", "rub": "3365.87", "usd": "37.38", "coefficient": "025"}, {"eur": "40.27", "rub": "4052.02", "usd": "45", "coefficient": "030"}, {"eur": "62.13", "rub": "6251.81", "usd": "69.43", "coefficient": "040"}, {"eur": "108.72", "rub": "10940.46", "usd": "121.5", "coefficient": "050"}, {"eur": "241.6", "rub": "24312.14", "usd": "270", "coefficient": "060"}]', 3, 'f', 2.92, 12, 14, '2025-09-26 14:33:57.328+00', '2026-03-12 23:52:19.108056+00'),
('019987a4-0dc5-71bf-bbdc-798320316424', 0, '019987a4-0dc4-7620-8796-a2936e1851c1', 'Bandicoot', '019987a4-0997-771f-aa7b-a0eb2a3e04ea', '019987a4-09be-73ed-8018-64e7ae4b30c3', 10, '[]', '[{"eur": "14.25", "rub": "1434.41", "usd": "15.93", "coefficient": "000"}, {"eur": "16.17", "rub": "1627.10", "usd": "18.07", "coefficient": "005"}, {"eur": "18.51", "rub": "1863.02", "usd": "20.69", "coefficient": "010"}, {"eur": "21.39", "rub": "2152.07", "usd": "23.9", "coefficient": "015"}, {"eur": "24.99", "rub": "2514.95", "usd": "27.93", "coefficient": "020"}, {"eur": "29.61", "rub": "2979.58", "usd": "33.09", "coefficient": "025"}, {"eur": "35.65", "rub": "3587.38", "usd": "39.84", "coefficient": "030"}, {"eur": "54.99", "rub": "5533.26", "usd": "61.45", "coefficient": "040"}, {"eur": "96.24", "rub": "9684.33", "usd": "107.55", "coefficient": "050"}, {"eur": "213.87", "rub": "21521.65", "usd": "239.01", "coefficient": "060"}]', 3, 'f', 3.80, 10, 29, '2025-09-26 17:01:23.838+00', '2026-03-12 23:52:19.108056+00'),
('019987a4-0dc5-71bf-bbdc-9c1efd9513b3', 0, '019987a4-0dc4-7620-8796-a2936e1851c1', 'Bandicoot', '019987a4-0996-756e-802a-06a8978da611', '019987a4-09a1-75e1-a349-bab01358546b', 10, '[]', '[{"eur": "11.19", "rub": "1125.55", "usd": "12.5", "coefficient": "000"}, {"eur": "12.69", "rub": "1276.83", "usd": "14.18", "coefficient": "005"}, {"eur": "14.51", "rub": "1460.52", "usd": "16.22", "coefficient": "010"}, {"eur": "16.77", "rub": "1687.43", "usd": "18.74", "coefficient": "015"}, {"eur": "19.61", "rub": "1972.88", "usd": "21.91", "coefficient": "020"}, {"eur": "23.25", "rub": "2339.36", "usd": "25.98", "coefficient": "025"}, {"eur": "27.96", "rub": "2813.90", "usd": "31.25", "coefficient": "030"}, {"eur": "43.15", "rub": "4341.96", "usd": "48.22", "coefficient": "040"}, {"eur": "75.5", "rub": "7597.99", "usd": "84.38", "coefficient": "050"}, {"eur": "167.78", "rub": "16883.43", "usd": "187.5", "coefficient": "060"}]', 2, 'f', 2.67, 12, 16, '2025-09-26 17:02:21.838+00', '2026-03-12 23:52:19.108056+00'),
('019987a4-0dc5-71bf-bbdc-c074edb5dcb4', 0, '019987a4-0dc4-7620-8796-a2936e1851c1', 'Bandicoot', '019987a4-0997-771f-aa7b-7327d2483f8d', '019987a4-09ac-7129-a7f7-161ec0afeaa1', 10, '[]', '[{"eur": "0.21", "rub": "15.77", "usd": "0.24", "coefficient": "000"}, {"eur": "0.23", "rub": "17.76", "usd": "0.27", "coefficient": "005"}, {"eur": "0.26", "rub": "20.14", "usd": "0.31", "coefficient": "010"}, {"eur": "0.3", "rub": "23.05", "usd": "0.35", "coefficient": "015"}, {"eur": "0.35", "rub": "26.64", "usd": "0.4", "coefficient": "020"}, {"eur": "0.4", "rub": "31.14", "usd": "0.47", "coefficient": "025"}, {"eur": "0.48", "rub": "36.88", "usd": "0.56", "coefficient": "030"}, {"eur": "0.71", "rub": "54.50", "usd": "0.83", "coefficient": "040"}, {"eur": "1.15", "rub": "88.80", "usd": "1.35", "coefficient": "050"}, {"eur": "2.23", "rub": "171.32", "usd": "2.6", "coefficient": "060"}]', 3, 'f', 3.25, 12, 20, '2025-09-26 08:05:37.244+00', '2026-03-12 23:52:19.108056+00'),
('0199c022-b621-7720-9896-ea49db448533', 0, '019987a4-0db7-732a-b1ee-7e65d6921972', 'Bandicoot', '0199a650-9d90-7364-8e2a-b39bdcbc8091', '0199a653-60fc-749b-88c1-dd69fc722cdd', 0, '[]', '[{"eur": "109.36", "rub": "11005.29", "usd": "122.22", "coefficient": "000"}, {"eur": "124.07", "rub": "12485.63", "usd": "138.66", "coefficient": "005"}, {"eur": "141.96", "rub": "14285.63", "usd": "158.65", "coefficient": "010"}, {"eur": "164.05", "rub": "16508.84", "usd": "183.34", "coefficient": "015"}, {"eur": "191.75", "rub": "19295.73", "usd": "214.29", "coefficient": "020"}, {"eur": "227.14", "rub": "22857.01", "usd": "253.84", "coefficient": "025"}, {"eur": "273.41", "rub": "27513.24", "usd": "305.55", "coefficient": "030"}, {"eur": "421.83", "rub": "42449.00", "usd": "471.42", "coefficient": "040"}, {"eur": "738.23", "rub": "74288.02", "usd": "825.01", "coefficient": "050"}, {"eur": "1640.48", "rub": "165082.19", "usd": "1833.33", "coefficient": "060"}]', 3, 'f', 0.00, 0, 0, '2025-06-27 12:32:14.081+00', '2026-03-12 23:52:19.108056+00'),
('019a3021-8be7-76bf-bd97-e69c1a1988f3', 0, '019987a4-0dc3-7018-8d0c-f4eb79096c2f', 'Bandicoot', '0199a650-9d90-7364-8e2a-b39bdcbc8091', '019a157e-31e4-719e-adba-ff26554f200b', 0, '[{"text": "NICHT VON * KAUFEN", "language": "de"}, {"text": "DO NOT BUY FROM *", "language": "en"}, {"text": "NO COMPRE DE *", "language": "es"}, {"text": "NE PAS ACHETER DE *", "language": "fr"}, {"text": "NON COMPRARE DA *", "language": "it"}, {"text": "HINDI BUMILI MULA SA *", "language": "ph"}, {"text": "NÃO COMPRE DE *", "language": "pt"}, {"text": "DO NOT BUY FROM *", "language": "ru"}, {"text": "TYRONE''DAN ALMAYIN", "language": "tr"}]', '[{"eur": "1.85", "rub": "186.38", "usd": "2.07", "coefficient": "000"}, {"eur": "1.85", "rub": "186.38", "usd": "2.07", "coefficient": "005"}, {"eur": "1.85", "rub": "186.38", "usd": "2.07", "coefficient": "010"}, {"eur": "1.85", "rub": "186.38", "usd": "2.07", "coefficient": "015"}, {"eur": "1.85", "rub": "186.38", "usd": "2.07", "coefficient": "020"}, {"eur": "1.85", "rub": "186.38", "usd": "2.07", "coefficient": "025"}, {"eur": "1.85", "rub": "186.38", "usd": "2.07", "coefficient": "030"}, {"eur": "2.22", "rub": "223.30", "usd": "2.48", "coefficient": "040"}, {"eur": "2.78", "rub": "280.03", "usd": "3.11", "coefficient": "050"}, {"eur": "3.7", "rub": "372.78", "usd": "4.14", "coefficient": "060"}]', 3, 'f', 0.00, 0, 0, '2025-06-27 12:32:14.081+00', '2026-03-12 23:52:19.108056+00'),
('019cc813-f4af-7c50-a390-e27e4f7a9e33', 0, '019987a4-0db7-732a-b1ee-7e65d6921972', 'Bandicoot', '019987a4-0997-771f-aa7b-9f25dc4f2369', '019987a4-09bd-7472-8310-7cfc53187df7', 10, '[]', '[]', 3, 'f', 3.44, 18, 29, '2025-09-26 03:02:55.699+00', '2026-03-12 23:52:19.108056+00'),
('019cd209-2053-7cde-b00b-072fa6acef42', 0, '019987a4-0db7-732a-b1ee-7e65d6921972', 'Bandicoot', '019987a4-0997-771f-aa7b-9f25dc4f2369', '019987a4-09bd-7472-8310-7cfc53187df7', 10, '[]', '[]', 3, 'f', 3.44, 18, 29, '2025-09-26 03:02:55.699+00', '2026-03-12 23:52:19.108056+00'),
('019ce174-f53e-7d3e-8eed-974750e8b62d', 0, '019987a4-0db7-732a-b1ee-7e65d6921972', 'Bandicoot', '019987a4-0997-771f-aa7b-9f25dc4f2369', '019987a4-09bd-7472-8310-7cfc53187df7', 10, '[]', '[]', 3, 'f', 3.44, 18, 29, '2025-09-26 03:02:55.699+00', '2026-03-12 23:52:19.108056+00');

INSERT INTO "public"."stores_prices" ("item_id", "good_id", "rub", "usd", "eur", "currency", "updated_at", "country", "coefficient", "base_price") VALUES
('019987a4-0db7-732a-b1ee-a019bb7fc8eb', '019987a4-0db7-732a-b1ee-7e65d6921972', 2231.10112, 26.02, 20.71, 'eur', '2026-02-03 07:42:35.666+00', NULL, '000', 18.65),
('019987a4-0db7-732a-b1ee-a019bb7fc8eb', '019987a4-0db7-732a-b1ee-7e65d6921972', 2530.73, 29.51, 23.48, 'eur', '2026-02-03 07:42:35.666+00', NULL, '005', 19.96),
('019987a4-0db7-732a-b1ee-a019bb7fc8eb', '019987a4-0db7-732a-b1ee-7e65d6921972', 2897.19, 33.78, 26.88, 'eur', '2026-02-03 07:42:35.666+00', NULL, '010', 21.50),
('019987a4-0db7-732a-b1ee-a019bb7fc8eb', '019987a4-0db7-732a-b1ee-7e65d6921972', 3347.72, 39.04, 31.06, 'eur', '2026-02-03 07:42:35.666+00', NULL, '015', 23.29),
('019987a4-0db7-732a-b1ee-a019bb7fc8eb', '019987a4-0db7-732a-b1ee-7e65d6921972', 3910.35, 45.6, 36.28, 'eur', '2026-02-03 07:42:35.666+00', NULL, '020', 25.40),
('019987a4-0db7-732a-b1ee-a019bb7fc8eb', '019987a4-0db7-732a-b1ee-7e65d6921972', 4635.72, 54.06, 43.01, 'eur', '2026-02-03 07:42:35.666+00', NULL, '025', 27.95),
('019987a4-0db7-732a-b1ee-a019bb7fc8eb', '019987a4-0db7-732a-b1ee-7e65d6921972', 5577.75, 65.04, 51.75, 'eur', '2026-02-03 07:42:35.666+00', NULL, '030', 31.05),
('019987a4-0db7-732a-b1ee-a019bb7fc8eb', '019987a4-0db7-732a-b1ee-7e65d6921972', 8606.44, 100.36, 79.85, 'eur', '2026-02-03 07:42:35.666+00', NULL, '040', 39.92),
('019987a4-0db7-732a-b1ee-a019bb7fc8eb', '019987a4-0db7-732a-b1ee-7e65d6921972', 15060.47, 175.62, 139.73, 'eur', '2026-02-03 07:42:35.666+00', NULL, '050', 55.89),
('019987a4-0db7-732a-b1ee-a019bb7fc8eb', '019987a4-0db7-732a-b1ee-7e65d6921972', 33466.52, 390.25, 310.5, 'eur', '2026-02-03 07:42:35.666+00', NULL, '060', 93.15),
('019987a4-0db7-732a-b1ee-c5176c27f4e4', '019987a4-0db7-732a-b1ee-7e65d6921972', 1501.94, 16.81, 14.93, 'usd', '2026-02-03 07:42:35.666+00', NULL, '000', 15.01),
('019987a4-0db7-732a-b1ee-c5176c27f4e4', '019987a4-0db7-732a-b1ee-7e65d6921972', 1703.64, 18.92, 16.93, 'usd', '2026-02-03 07:42:35.666+00', NULL, '005', 16.08),
('019987a4-0db7-732a-b1ee-c5176c27f4e4', '019987a4-0db7-732a-b1ee-7e65d6921972', 1949.46, 21.65, 19.37, 'usd', '2026-02-03 07:42:35.666+00', NULL, '010', 17.32),
('019987a4-0db7-732a-b1ee-c5176c27f4e4', '019987a4-0db7-732a-b1ee-7e65d6921972', 2252.02, 25.01, 22.38, 'usd', '2026-02-03 07:42:35.666+00', NULL, '015', 18.76),
('019987a4-0db7-732a-b1ee-c5176c27f4e4', '019987a4-0db7-732a-b1ee-7e65d6921972', 2632.91, 29.24, 26.16, 'usd', '2026-02-03 07:42:35.666+00', NULL, '020', 20.47),
('019987a4-0db7-732a-b1ee-c5176c27f4e4', '019987a4-0db7-732a-b1ee-7e65d6921972', 3119.15, 34.64, 31, 'usd', '2026-02-03 07:42:35.666+00', NULL, '025', 22.52),
('019987a4-0db7-732a-b1ee-c5176c27f4e4', '019987a4-0db7-732a-b1ee-7e65d6921972', 3754.87, 41.7, 37.31, 'usd', '2026-02-03 07:42:35.666+00', NULL, '030', 25.02),
('019987a4-0db7-732a-b1ee-c5176c27f4e4', '019987a4-0db7-732a-b1ee-7e65d6921972', 5790.78, 64.31, 57.55, 'usd', '2026-02-03 07:42:35.666+00', NULL, '040', 32.16),
('019987a4-0db7-732a-b1ee-c5176c27f4e4', '019987a4-0db7-732a-b1ee-7e65d6921972', 10136.36, 112.57, 100.73, 'usd', '2026-02-03 07:42:35.666+00', NULL, '050', 45.03),
('019987a4-0db7-732a-b1ee-c5176c27f4e4', '019987a4-0db7-732a-b1ee-7e65d6921972', 22526.55, 250.17, 223.85, 'usd', '2026-02-03 07:42:35.666+00', NULL, '060', 75.05),
('019987a4-0db8-717f-b1dd-98c3e8f23d40', '019987a4-0db7-732a-b1ee-7e65d6921972', 1625.35, 18.95, 15.08, 'eur', '2026-02-03 07:42:35.666+00', NULL, '000', 13.57),
('019987a4-0db8-717f-b1dd-98c3e8f23d40', '019987a4-0db7-732a-b1ee-7e65d6921972', 1844.15, 21.5, 17.11, 'eur', '2026-02-03 07:42:35.666+00', NULL, '005', 14.54),
('019987a4-0db8-717f-b1dd-98c3e8f23d40', '019987a4-0db7-732a-b1ee-7e65d6921972', 2110.38, 24.61, 19.58, 'eur', '2026-02-03 07:42:35.666+00', NULL, '010', 15.66),
('019987a4-0db8-717f-b1dd-98c3e8f23d40', '019987a4-0db7-732a-b1ee-7e65d6921972', 2436.96, 28.42, 22.61, 'eur', '2026-02-03 07:42:35.666+00', NULL, '015', 16.96),
('019987a4-0db8-717f-b1dd-98c3e8f23d40', '019987a4-0db7-732a-b1ee-7e65d6921972', 2848.69, 33.22, 26.43, 'eur', '2026-02-03 07:42:35.666+00', NULL, '020', 18.50),
('019987a4-0db8-717f-b1dd-98c3e8f23d40', '019987a4-0db7-732a-b1ee-7e65d6921972', 3375.74, 39.36, 31.32, 'eur', '2026-02-03 07:42:35.666+00', NULL, '025', 20.36),
('019987a4-0db8-717f-b1dd-98c3e8f23d40', '019987a4-0db7-732a-b1ee-7e65d6921972', 4063.40, 47.38, 37.7, 'eur', '2026-02-03 07:42:35.666+00', NULL, '030', 22.62),
('019987a4-0db8-717f-b1dd-98c3e8f23d40', '019987a4-0db7-732a-b1ee-7e65d6921972', 6268.63, 73.1, 58.16, 'eur', '2026-02-03 07:42:35.666+00', NULL, '040', 29.08),
('019987a4-0db8-717f-b1dd-98c3e8f23d40', '019987a4-0db7-732a-b1ee-7e65d6921972', 10969.04, 127.91, 101.77, 'eur', '2026-02-03 07:42:35.666+00', NULL, '050', 40.71),
('019987a4-0db8-717f-b1dd-98c3e8f23d40', '019987a4-0db7-732a-b1ee-7e65d6921972', 24377.21, 284.26, 226.17, 'eur', '2026-02-03 07:42:35.666+00', NULL, '060', 67.85),
('019987a4-0db8-717f-b1dd-bdda6d18674b', '019987a4-0db7-732a-b1ee-7e65d6921972', 1953.01, 22.77, 18.12, 'eur', '2026-02-03 07:42:35.666+00', NULL, '000', 16.31),
('019987a4-0db8-717f-b1dd-bdda6d18674b', '019987a4-0db7-732a-b1ee-7e65d6921972', 2216.00, 25.84, 20.56, 'eur', '2026-02-03 07:42:35.666+00', NULL, '005', 17.48),
('019987a4-0db8-717f-b1dd-bdda6d18674b', '019987a4-0db7-732a-b1ee-7e65d6921972', 2535.04, 29.56, 23.52, 'eur', '2026-02-03 07:42:35.666+00', NULL, '010', 18.82),
('019987a4-0db8-717f-b1dd-bdda6d18674b', '019987a4-0db7-732a-b1ee-7e65d6921972', 2930.60, 34.17, 27.19, 'eur', '2026-02-03 07:42:35.666+00', NULL, '015', 20.39),
('019987a4-0db8-717f-b1dd-bdda6d18674b', '019987a4-0db7-732a-b1ee-7e65d6921972', 3424.25, 39.93, 31.77, 'eur', '2026-02-03 07:42:35.666+00', NULL, '020', 22.24),
('019987a4-0db8-717f-b1dd-bdda6d18674b', '019987a4-0db7-732a-b1ee-7e65d6921972', 4058.01, 47.32, 37.65, 'eur', '2026-02-03 07:42:35.666+00', NULL, '025', 24.47),
('019987a4-0db8-717f-b1dd-bdda6d18674b', '019987a4-0db7-732a-b1ee-7e65d6921972', 4882.55, 56.94, 45.3, 'eur', '2026-02-03 07:42:35.666+00', NULL, '030', 27.18),
('019987a4-0db8-717f-b1dd-bdda6d18674b', '019987a4-0db7-732a-b1ee-7e65d6921972', 7532.92, 87.84, 69.89, 'eur', '2026-02-03 07:42:35.666+00', NULL, '040', 34.95),
('019987a4-0db8-717f-b1dd-bdda6d18674b', '019987a4-0db7-732a-b1ee-7e65d6921972', 13185.05, 153.75, 122.33, 'eur', '2026-02-03 07:42:35.666+00', NULL, '050', 48.93),
('019987a4-0db8-717f-b1dd-bdda6d18674b', '019987a4-0db7-732a-b1ee-7e65d6921972', 29298.57, 341.65, 271.83, 'eur', '2026-02-03 07:42:35.666+00', NULL, '060', 81.55),
('019987a4-0dc3-7018-8d0d-185d09359308', '019987a4-0dc3-7018-8d0c-f4eb79096c2f', 1775.68, 19.72, 17.65, 'usd', '2026-02-03 07:42:36.851+00', NULL, '000', 17.75),
('019987a4-0dc3-7018-8d0d-185d09359308', '019987a4-0dc3-7018-8d0c-f4eb79096c2f', 2014.30, 22.37, 20.02, 'usd', '2026-02-03 07:42:36.851+00', NULL, '005', 19.02),
('019987a4-0dc3-7018-8d0d-185d09359308', '019987a4-0dc3-7018-8d0c-f4eb79096c2f', 2306.04, 25.61, 22.92, 'usd', '2026-02-03 07:42:36.851+00', NULL, '010', 20.48),
('019987a4-0dc3-7018-8d0d-185d09359308', '019987a4-0dc3-7018-8d0c-f4eb79096c2f', 2664.42, 29.59, 26.48, 'usd', '2026-02-03 07:42:36.851+00', NULL, '015', 22.19),
('019987a4-0dc3-7018-8d0d-185d09359308', '019987a4-0dc3-7018-8d0c-f4eb79096c2f', 3112.85, 34.57, 30.93, 'usd', '2026-02-03 07:42:36.851+00', NULL, '020', 24.20),
('019987a4-0dc3-7018-8d0d-185d09359308', '019987a4-0dc3-7018-8d0c-f4eb79096c2f', 3689.13, 40.97, 36.66, 'usd', '2026-02-03 07:42:36.851+00', NULL, '025', 26.63),
('019987a4-0dc3-7018-8d0d-185d09359308', '019987a4-0dc3-7018-8d0c-f4eb79096c2f', 4440.11, 49.31, 44.12, 'usd', '2026-02-03 07:42:36.851+00', NULL, '030', 29.58),
('019987a4-0dc3-7018-8d0d-185d09359308', '019987a4-0dc3-7018-8d0c-f4eb79096c2f', 6851.51, 76.09, 68.09, 'usd', '2026-02-03 07:42:36.851+00', NULL, '040', 38.04),
('019987a4-0dc3-7018-8d0d-185d09359308', '019987a4-0dc3-7018-8d0c-f4eb79096c2f', 11987.68, 133.13, 119.13, 'usd', '2026-02-03 07:42:36.851+00', NULL, '050', 53.25),
('019987a4-0dc3-7018-8d0d-185d09359308', '019987a4-0dc3-7018-8d0c-f4eb79096c2f', 26638.00, 295.83, 264.71, 'usd', '2026-02-03 07:42:36.851+00', NULL, '060', 88.75),
('019987a4-0dc3-7018-8d0d-3d06ebbcff60', '019987a4-0dc3-7018-8d0c-f4eb79096c2f', 1361.29, 15.87, 12.63, 'eur', '2026-02-03 07:42:36.851+00', NULL, '000', 11.37),
('019987a4-0dc3-7018-8d0d-3d06ebbcff60', '019987a4-0dc3-7018-8d0c-f4eb79096c2f', 1544.52, 18.01, 14.33, 'eur', '2026-02-03 07:42:36.851+00', NULL, '005', 12.18),
('019987a4-0dc3-7018-8d0d-3d06ebbcff60', '019987a4-0dc3-7018-8d0c-f4eb79096c2f', 1767.63, 20.61, 16.4, 'eur', '2026-02-03 07:42:36.851+00', NULL, '010', 13.12),
('019987a4-0dc3-7018-8d0d-3d06ebbcff60', '019987a4-0dc3-7018-8d0c-f4eb79096c2f', 2042.47, 23.82, 18.95, 'eur', '2026-02-03 07:42:36.851+00', NULL, '015', 14.21),
('019987a4-0dc3-7018-8d0d-3d06ebbcff60', '019987a4-0dc3-7018-8d0c-f4eb79096c2f', 2386.30, 27.83, 22.14, 'eur', '2026-02-03 07:42:36.851+00', NULL, '020', 15.50),
('019987a4-0dc3-7018-8d0d-3d06ebbcff60', '019987a4-0dc3-7018-8d0c-f4eb79096c2f', 2829.29, 32.99, 26.25, 'eur', '2026-02-03 07:42:36.851+00', NULL, '025', 17.06),
('019987a4-0dc3-7018-8d0d-3d06ebbcff60', '019987a4-0dc3-7018-8d0c-f4eb79096c2f', 3404.85, 39.7, 31.59, 'eur', '2026-02-03 07:42:36.851+00', NULL, '030', 18.95),
('019987a4-0dc3-7018-8d0d-3d06ebbcff60', '019987a4-0dc3-7018-8d0c-f4eb79096c2f', 5252.24, 61.25, 48.73, 'eur', '2026-02-03 07:42:36.851+00', NULL, '040', 24.36),
('019987a4-0dc3-7018-8d0d-3d06ebbcff60', '019987a4-0dc3-7018-8d0c-f4eb79096c2f', 9191.70, 107.18, 85.28, 'eur', '2026-02-03 07:42:36.851+00', NULL, '050', 34.11),
('019987a4-0dc3-7018-8d0d-3d06ebbcff60', '019987a4-0dc3-7018-8d0c-f4eb79096c2f', 20425.89, 238.19, 189.51, 'eur', '2026-02-03 07:42:36.851+00', NULL, '060', 56.85),
('019987a4-0dc3-7018-8d0d-61d5782e56db', '019987a4-0dc3-7018-8d0c-f4eb79096c2f', 18.46, 0.28, 0.24, 'rub', '2026-02-03 07:42:36.851+00', NULL, '000', 17.55),
('019987a4-0dc3-7018-8d0d-61d5782e56db', '019987a4-0dc3-7018-8d0c-f4eb79096c2f', 20.80, 0.32, 0.27, 'rub', '2026-02-03 07:42:36.851+00', NULL, '005', 18.72),
('019987a4-0dc3-7018-8d0d-61d5782e56db', '019987a4-0dc3-7018-8d0c-f4eb79096c2f', 23.59, 0.36, 0.31, 'rub', '2026-02-03 07:42:36.851+00', NULL, '010', 20.06),
('019987a4-0dc3-7018-8d0d-61d5782e56db', '019987a4-0dc3-7018-8d0c-f4eb79096c2f', 26.99, 0.41, 0.35, 'rub', '2026-02-03 07:42:36.851+00', NULL, '015', 21.60),
('019987a4-0dc3-7018-8d0d-61d5782e56db', '019987a4-0dc3-7018-8d0c-f4eb79096c2f', 31.19, 0.47, 0.41, 'rub', '2026-02-03 07:42:36.851+00', NULL, '020', 23.40),
('019987a4-0dc3-7018-8d0d-61d5782e56db', '019987a4-0dc3-7018-8d0c-f4eb79096c2f', 36.46, 0.55, 0.47, 'rub', '2026-02-03 07:42:36.851+00', NULL, '025', 25.53),
('019987a4-0dc3-7018-8d0d-61d5782e56db', '019987a4-0dc3-7018-8d0c-f4eb79096c2f', 43.19, 0.66, 0.56, 'rub', '2026-02-03 07:42:36.851+00', NULL, '030', 28.08),
('019987a4-0dc3-7018-8d0d-61d5782e56db', '019987a4-0dc3-7018-8d0c-f4eb79096c2f', 63.81, 0.97, 0.83, 'rub', '2026-02-03 07:42:36.851+00', NULL, '040', 35.10),
('019987a4-0dc3-7018-8d0d-61d5782e56db', '019987a4-0dc3-7018-8d0c-f4eb79096c2f', 103.98, 1.58, 1.35, 'rub', '2026-02-03 07:42:36.851+00', NULL, '050', 46.80),
('019987a4-0dc3-7018-8d0d-61d5782e56db', '019987a4-0dc3-7018-8d0c-f4eb79096c2f', 200.55, 3.04, 2.61, 'rub', '2026-02-03 07:42:36.851+00', NULL, '060', 70.20),
('019987a4-0dc3-7018-8d0d-85f45c018e38', '019987a4-0dc3-7018-8d0c-f4eb79096c2f', 1199.61, 13.99, 11.13, 'eur', '2026-02-03 07:42:36.851+00', NULL, '000', 10.02),
('019987a4-0dc3-7018-8d0d-85f45c018e38', '019987a4-0dc3-7018-8d0c-f4eb79096c2f', 1361.29, 15.87, 12.63, 'eur', '2026-02-03 07:42:36.851+00', NULL, '005', 10.74),
('019987a4-0dc3-7018-8d0d-85f45c018e38', '019987a4-0dc3-7018-8d0c-f4eb79096c2f', 1557.45, 18.16, 14.45, 'eur', '2026-02-03 07:42:36.851+00', NULL, '010', 11.56),
('019987a4-0dc3-7018-8d0d-85f45c018e38', '019987a4-0dc3-7018-8d0c-f4eb79096c2f', 1799.96, 20.99, 16.7, 'eur', '2026-02-03 07:42:36.851+00', NULL, '015', 12.53),
('019987a4-0dc3-7018-8d0d-85f45c018e38', '019987a4-0dc3-7018-8d0c-f4eb79096c2f', 2103.91, 24.53, 19.52, 'eur', '2026-02-03 07:42:36.851+00', NULL, '020', 13.66),
('019987a4-0dc3-7018-8d0d-85f45c018e38', '019987a4-0dc3-7018-8d0c-f4eb79096c2f', 2491.93, 29.06, 23.12, 'eur', '2026-02-03 07:42:36.851+00', NULL, '025', 15.03),
('019987a4-0dc3-7018-8d0d-85f45c018e38', '019987a4-0dc3-7018-8d0c-f4eb79096c2f', 3000.66, 34.99, 27.84, 'eur', '2026-02-03 07:42:36.851+00', NULL, '030', 16.70),
('019987a4-0dc3-7018-8d0d-85f45c018e38', '019987a4-0dc3-7018-8d0c-f4eb79096c2f', 4629.26, 53.98, 42.95, 'eur', '2026-02-03 07:42:36.851+00', NULL, '040', 21.47),
('019987a4-0dc3-7018-8d0d-85f45c018e38', '019987a4-0dc3-7018-8d0c-f4eb79096c2f', 8099.86, 94.45, 75.15, 'eur', '2026-02-03 07:42:36.851+00', NULL, '050', 30.06),
('019987a4-0dc3-7018-8d0d-85f45c018e38', '019987a4-0dc3-7018-8d0c-f4eb79096c2f', 18000.78, 209.91, 167.01, 'eur', '2026-02-03 07:42:36.851+00', NULL, '060', 50.10),
('019987a4-0dc4-7620-8795-0ce3eb132703', '019987a4-0dc3-7018-8d0c-f4eb79096c2f', 1716.97, 20.02, 15.93, 'eur', '2026-02-03 07:42:36.851+00', NULL, '000', 14.34),
('019987a4-0dc4-7620-8795-0ce3eb132703', '019987a4-0dc3-7018-8d0c-f4eb79096c2f', 1947.62, 22.71, 18.07, 'eur', '2026-02-03 07:42:36.851+00', NULL, '005', 15.36),
('019987a4-0dc4-7620-8795-0ce3eb132703', '019987a4-0dc3-7018-8d0c-f4eb79096c2f', 2230.01, 26, 20.69, 'eur', '2026-02-03 07:42:36.851+00', NULL, '010', 16.55),
('019987a4-0dc4-7620-8795-0ce3eb132703', '019987a4-0dc3-7018-8d0c-f4eb79096c2f', 2576.00, 30.04, 23.9, 'eur', '2026-02-03 07:42:36.851+00', NULL, '015', 17.93),
('019987a4-0dc4-7620-8795-0ce3eb132703', '019987a4-0dc3-7018-8d0c-f4eb79096c2f', 3010.36, 35.1, 27.93, 'eur', '2026-02-03 07:42:36.851+00', NULL, '020', 19.55),
('019987a4-0dc4-7620-8795-0ce3eb132703', '019987a4-0dc3-7018-8d0c-f4eb79096c2f', 3566.52, 41.59, 33.09, 'eur', '2026-02-03 07:42:36.851+00', NULL, '025', 21.51),
('019987a4-0dc4-7620-8795-0ce3eb132703', '019987a4-0dc3-7018-8d0c-f4eb79096c2f', 4294.05, 50.07, 39.84, 'eur', '2026-02-03 07:42:36.851+00', NULL, '030', 23.90),
('019987a4-0dc4-7620-8795-0ce3eb132703', '019987a4-0dc3-7018-8d0c-f4eb79096c2f', 6623.24, 77.23, 61.45, 'eur', '2026-02-03 07:42:36.851+00', NULL, '040', 30.73),
('019987a4-0dc4-7620-8795-0ce3eb132703', '019987a4-0dc3-7018-8d0c-f4eb79096c2f', 11592.02, 135.17, 107.55, 'eur', '2026-02-03 07:42:36.851+00', NULL, '050', 43.02),
('019987a4-0dc4-7620-8795-0ce3eb132703', '019987a4-0dc3-7018-8d0c-f4eb79096c2f', 25761.14, 300.4, 239.01, 'eur', '2026-02-03 07:42:36.851+00', NULL, '060', 71.70),
('019987a4-0dc4-7620-8795-30b6fe5ecbca', '019987a4-0dc3-7018-8d0c-f4eb79096c2f', 20.79, 0.32, 0.27, 'rub', '2026-02-03 07:42:36.861+00', NULL, '000', 19.76),
('019987a4-0dc4-7620-8795-30b6fe5ecbca', '019987a4-0dc3-7018-8d0c-f4eb79096c2f', 23.41, 0.36, 0.3, 'rub', '2026-02-03 07:42:36.861+00', NULL, '005', 21.08),
('019987a4-0dc4-7620-8795-30b6fe5ecbca', '019987a4-0dc3-7018-8d0c-f4eb79096c2f', 26.56, 0.4, 0.35, 'rub', '2026-02-03 07:42:36.861+00', NULL, '010', 22.58),
('019987a4-0dc4-7620-8795-30b6fe5ecbca', '019987a4-0dc3-7018-8d0c-f4eb79096c2f', 30.39, 0.46, 0.4, 'rub', '2026-02-03 07:42:36.861+00', NULL, '015', 24.32),
('019987a4-0dc4-7620-8795-30b6fe5ecbca', '019987a4-0dc3-7018-8d0c-f4eb79096c2f', 35.13, 0.53, 0.46, 'rub', '2026-02-03 07:42:36.861+00', NULL, '020', 26.35),
('019987a4-0dc4-7620-8795-30b6fe5ecbca', '019987a4-0dc3-7018-8d0c-f4eb79096c2f', 41.04, 0.62, 0.53, 'rub', '2026-02-03 07:42:36.861+00', NULL, '025', 28.74),
('019987a4-0dc4-7620-8795-30b6fe5ecbca', '019987a4-0dc3-7018-8d0c-f4eb79096c2f', 48.63, 0.74, 0.63, 'rub', '2026-02-03 07:42:36.861+00', NULL, '030', 31.62),
('019987a4-0dc4-7620-8795-30b6fe5ecbca', '019987a4-0dc3-7018-8d0c-f4eb79096c2f', 71.84, 1.09, 0.93, 'rub', '2026-02-03 07:42:36.861+00', NULL, '040', 39.52),
('019987a4-0dc4-7620-8795-30b6fe5ecbca', '019987a4-0dc3-7018-8d0c-f4eb79096c2f', 117.07, 1.78, 1.52, 'rub', '2026-02-03 07:42:36.861+00', NULL, '050', 52.69),
('019987a4-0dc4-7620-8795-30b6fe5ecbca', '019987a4-0dc3-7018-8d0c-f4eb79096c2f', 225.82, 3.43, 2.93, 'rub', '2026-02-03 07:42:36.861+00', NULL, '060', 79.04),
('019987a4-0dc4-7620-8795-542497ac21c3', '019987a4-0dc3-7018-8d0c-f4eb79096c2f', 1593.79, 17.7, 15.84, 'usd', '2026-02-03 07:42:36.861+00', NULL, '000', 15.93),
('019987a4-0dc4-7620-8795-542497ac21c3', '019987a4-0dc3-7018-8d0c-f4eb79096c2f', 1808.99, 20.09, 17.98, 'usd', '2026-02-03 07:42:36.861+00', NULL, '005', 17.07),
('019987a4-0dc4-7620-8795-542497ac21c3', '019987a4-0dc3-7018-8d0c-f4eb79096c2f', 2068.32, 22.97, 20.55, 'usd', '2026-02-03 07:42:36.861+00', NULL, '010', 18.38),
('019987a4-0dc4-7620-8795-542497ac21c3', '019987a4-0dc3-7018-8d0c-f4eb79096c2f', 2389.78, 26.54, 23.75, 'usd', '2026-02-03 07:42:36.861+00', NULL, '015', 19.91),
('019987a4-0dc4-7620-8795-542497ac21c3', '019987a4-0dc3-7018-8d0c-f4eb79096c2f', 2793.19, 31.02, 27.76, 'usd', '2026-02-03 07:42:36.861+00', NULL, '020', 21.72),
('019987a4-0dc4-7620-8795-542497ac21c3', '019987a4-0dc3-7018-8d0c-f4eb79096c2f', 3311.85, 36.78, 32.91, 'usd', '2026-02-03 07:42:36.861+00', NULL, '025', 23.90),
('019987a4-0dc4-7620-8795-542497ac21c3', '019987a4-0dc3-7018-8d0c-f4eb79096c2f', 3984.48, 44.25, 39.6, 'usd', '2026-02-03 07:42:36.861+00', NULL, '030', 26.55),
('019987a4-0dc4-7620-8795-542497ac21c3', '019987a4-0dc3-7018-8d0c-f4eb79096c2f', 6147.36, 68.27, 61.09, 'usd', '2026-02-03 07:42:36.861+00', NULL, '040', 34.14),
('019987a4-0dc4-7620-8795-542497ac21c3', '019987a4-0dc3-7018-8d0c-f4eb79096c2f', 10758.57, 119.48, 106.91, 'usd', '2026-02-03 07:42:36.861+00', NULL, '050', 47.79),
('019987a4-0dc4-7620-8795-542497ac21c3', '019987a4-0dc3-7018-8d0c-f4eb79096c2f', 23906.94, 265.5, 237.57, 'usd', '2026-02-03 07:42:36.861+00', NULL, '060', 79.65),
('019987a4-0dc4-7620-8795-7a995fe26fce', '019987a4-0dc3-7018-8d0c-f4eb79096c2f', 14.26, 0.22, 0.19, 'rub', '2026-02-03 07:42:36.861+00', NULL, '000', 13.56),
('019987a4-0dc4-7620-8795-7a995fe26fce', '019987a4-0dc3-7018-8d0c-f4eb79096c2f', 16.06, 0.24, 0.21, 'rub', '2026-02-03 07:42:36.861+00', NULL, '005', 14.46),
('019987a4-0dc4-7620-8795-7a995fe26fce', '019987a4-0dc3-7018-8d0c-f4eb79096c2f', 18.23, 0.28, 0.24, 'rub', '2026-02-03 07:42:36.861+00', NULL, '010', 15.50),
('019987a4-0dc4-7620-8795-7a995fe26fce', '019987a4-0dc3-7018-8d0c-f4eb79096c2f', 20.85, 0.32, 0.27, 'rub', '2026-02-03 07:42:36.861+00', NULL, '015', 16.69),
('019987a4-0dc4-7620-8795-7a995fe26fce', '019987a4-0dc3-7018-8d0c-f4eb79096c2f', 24.09, 0.37, 0.31, 'rub', '2026-02-03 07:42:36.861+00', NULL, '020', 18.08),
('019987a4-0dc4-7620-8795-7a995fe26fce', '019987a4-0dc3-7018-8d0c-f4eb79096c2f', 28.16, 0.43, 0.37, 'rub', '2026-02-03 07:42:36.861+00', NULL, '025', 19.72),
('019987a4-0dc4-7620-8795-7a995fe26fce', '019987a4-0dc3-7018-8d0c-f4eb79096c2f', 33.37, 0.51, 0.43, 'rub', '2026-02-03 07:42:36.861+00', NULL, '030', 21.70),
('019987a4-0dc4-7620-8795-7a995fe26fce', '019987a4-0dc3-7018-8d0c-f4eb79096c2f', 49.30, 0.75, 0.64, 'rub', '2026-02-03 07:42:36.861+00', NULL, '040', 27.12),
('019987a4-0dc4-7620-8795-7a995fe26fce', '019987a4-0dc3-7018-8d0c-f4eb79096c2f', 80.34, 1.22, 1.04, 'rub', '2026-02-03 07:42:36.861+00', NULL, '050', 36.16),
('019987a4-0dc4-7620-8795-7a995fe26fce', '019987a4-0dc3-7018-8d0c-f4eb79096c2f', 154.95, 2.35, 2.01, 'rub', '2026-02-03 07:42:36.861+00', NULL, '060', 54.24),
('019987a4-0dc4-7620-8796-c6878f038f72', '019987a4-0dc4-7620-8796-a2936e1851c1', 1704.03, 19.87, 15.81, 'eur', '2026-02-03 07:42:36.87+00', NULL, '000', 14.23),
('019987a4-0dc4-7620-8796-c6878f038f72', '019987a4-0dc4-7620-8796-a2936e1851c1', 1933.61, 22.55, 17.94, 'eur', '2026-02-03 07:42:36.87+00', NULL, '005', 15.25),
('019987a4-0dc4-7620-8796-c6878f038f72', '019987a4-0dc4-7620-8796-a2936e1851c1', 2211.69, 25.79, 20.52, 'eur', '2026-02-03 07:42:36.87+00', NULL, '010', 16.42),
('019987a4-0dc4-7620-8796-c6878f038f72', '019987a4-0dc4-7620-8796-a2936e1851c1', 2556.60, 29.81, 23.72, 'eur', '2026-02-03 07:42:36.87+00', NULL, '015', 17.79),
('019987a4-0dc4-7620-8796-c6878f038f72', '019987a4-0dc4-7620-8796-a2936e1851c1', 2987.73, 34.84, 27.72, 'eur', '2026-02-03 07:42:36.87+00', NULL, '020', 19.40),
('019987a4-0dc4-7620-8796-c6878f038f72', '019987a4-0dc4-7620-8796-a2936e1851c1', 3539.57, 41.27, 32.84, 'eur', '2026-02-03 07:42:36.87+00', NULL, '025', 21.35),
('019987a4-0dc4-7620-8796-c6878f038f72', '019987a4-0dc4-7620-8796-a2936e1851c1', 4261.72, 49.7, 39.54, 'eur', '2026-02-03 07:42:36.87+00', NULL, '030', 23.72),
('019987a4-0dc4-7620-8796-c6878f038f72', '019987a4-0dc4-7620-8796-a2936e1851c1', 6572.58, 76.64, 60.98, 'eur', '2026-02-03 07:42:36.87+00', NULL, '040', 30.49),
('019987a4-0dc4-7620-8796-c6878f038f72', '019987a4-0dc4-7620-8796-a2936e1851c1', 11502.56, 134.13, 106.72, 'eur', '2026-02-03 07:42:36.87+00', NULL, '050', 42.69),
('019987a4-0dc4-7620-8796-c6878f038f72', '019987a4-0dc4-7620-8796-a2936e1851c1', 25563.89, 298.1, 237.18, 'eur', '2026-02-03 07:42:36.87+00', NULL, '060', 71.15),
('019987a4-0dc4-7620-8796-e887c1e4bd23', '019987a4-0dc4-7620-8796-a2936e1851c1', 13.62, 0.21, 0.18, 'rub', '2026-02-03 07:42:36.87+00', NULL, '000', 12.95),
('019987a4-0dc4-7620-8796-e887c1e4bd23', '019987a4-0dc4-7620-8796-a2936e1851c1', 15.34, 0.23, 0.2, 'rub', '2026-02-03 07:42:36.87+00', NULL, '005', 13.81),
('019987a4-0dc4-7620-8796-e887c1e4bd23', '019987a4-0dc4-7620-8796-a2936e1851c1', 17.40, 0.26, 0.23, 'rub', '2026-02-03 07:42:36.87+00', NULL, '010', 14.80),
('019987a4-0dc4-7620-8796-e887c1e4bd23', '019987a4-0dc4-7620-8796-a2936e1851c1', 19.92, 0.3, 0.26, 'rub', '2026-02-03 07:42:36.87+00', NULL, '015', 15.94),
('019987a4-0dc4-7620-8796-e887c1e4bd23', '019987a4-0dc4-7620-8796-a2936e1851c1', 23.02, 0.35, 0.3, 'rub', '2026-02-03 07:42:36.87+00', NULL, '020', 17.27),
('019987a4-0dc4-7620-8796-e887c1e4bd23', '019987a4-0dc4-7620-8796-a2936e1851c1', 26.90, 0.41, 0.35, 'rub', '2026-02-03 07:42:36.87+00', NULL, '025', 18.84),
('019987a4-0dc4-7620-8796-e887c1e4bd23', '019987a4-0dc4-7620-8796-a2936e1851c1', 31.87, 0.48, 0.41, 'rub', '2026-02-03 07:42:36.87+00', NULL, '030', 20.72),
('019987a4-0dc4-7620-8796-e887c1e4bd23', '019987a4-0dc4-7620-8796-a2936e1851c1', 47.08, 0.71, 0.61, 'rub', '2026-02-03 07:42:36.87+00', NULL, '040', 25.90),
('019987a4-0dc4-7620-8796-e887c1e4bd23', '019987a4-0dc4-7620-8796-a2936e1851c1', 76.73, 1.16, 1, 'rub', '2026-02-03 07:42:36.87+00', NULL, '050', 34.53),
('019987a4-0dc4-7620-8796-e887c1e4bd23', '019987a4-0dc4-7620-8796-a2936e1851c1', 148.00, 2.25, 1.92, 'rub', '2026-02-03 07:42:36.87+00', NULL, '060', 51.80),
('019987a4-0dc4-7620-8797-0e5a6fd1b9b3', '019987a4-0dc4-7620-8796-a2936e1851c1', 1620.80, 18, 16.11, 'usd', '2026-02-03 07:42:36.87+00', NULL, '000', 16.20),
('019987a4-0dc4-7620-8797-0e5a6fd1b9b3', '019987a4-0dc4-7620-8796-a2936e1851c1', 1838.71, 20.42, 18.27, 'usd', '2026-02-03 07:42:36.87+00', NULL, '005', 17.36),
('019987a4-0dc4-7620-8797-0e5a6fd1b9b3', '019987a4-0dc4-7620-8796-a2936e1851c1', 2104.34, 23.37, 20.91, 'usd', '2026-02-03 07:42:36.87+00', NULL, '010', 18.69),
('019987a4-0dc4-7620-8797-0e5a6fd1b9b3', '019987a4-0dc4-7620-8796-a2936e1851c1', 2431.21, 27, 24.16, 'usd', '2026-02-03 07:42:36.87+00', NULL, '015', 20.25),
('019987a4-0dc4-7620-8797-0e5a6fd1b9b3', '019987a4-0dc4-7620-8796-a2936e1851c1', 2840.91, 31.55, 28.23, 'usd', '2026-02-03 07:42:36.87+00', NULL, '020', 22.09),
('019987a4-0dc4-7620-8797-0e5a6fd1b9b3', '019987a4-0dc4-7620-8796-a2936e1851c1', 3365.87, 37.38, 33.45, 'usd', '2026-02-03 07:42:36.87+00', NULL, '025', 24.30),
('019987a4-0dc4-7620-8797-0e5a6fd1b9b3', '019987a4-0dc4-7620-8796-a2936e1851c1', 4052.02, 45, 40.27, 'usd', '2026-02-03 07:42:36.87+00', NULL, '030', 27.00),
('019987a4-0dc4-7620-8797-0e5a6fd1b9b3', '019987a4-0dc4-7620-8796-a2936e1851c1', 6251.81, 69.43, 62.13, 'usd', '2026-02-03 07:42:36.87+00', NULL, '040', 34.71),
('019987a4-0dc4-7620-8797-0e5a6fd1b9b3', '019987a4-0dc4-7620-8796-a2936e1851c1', 10940.46, 121.5, 108.72, 'usd', '2026-02-03 07:42:36.87+00', NULL, '050', 48.60),
('019987a4-0dc4-7620-8797-0e5a6fd1b9b3', '019987a4-0dc4-7620-8796-a2936e1851c1', 24312.14, 270, 241.6, 'usd', '2026-02-03 07:42:36.87+00', NULL, '060', 81.00),
('019987a4-0dc5-71bf-bbdc-798320316424', '019987a4-0dc4-7620-8796-a2936e1851c1', 1434.41, 15.93, 14.25, 'usd', '2026-02-03 07:42:36.87+00', NULL, '000', 14.34),
('019987a4-0dc5-71bf-bbdc-798320316424', '019987a4-0dc4-7620-8796-a2936e1851c1', 1627.10, 18.07, 16.17, 'usd', '2026-02-03 07:42:36.87+00', NULL, '005', 15.36),
('019987a4-0dc5-71bf-bbdc-798320316424', '019987a4-0dc4-7620-8796-a2936e1851c1', 1863.02, 20.69, 18.51, 'usd', '2026-02-03 07:42:36.87+00', NULL, '010', 16.55),
('019987a4-0dc5-71bf-bbdc-798320316424', '019987a4-0dc4-7620-8796-a2936e1851c1', 2152.07, 23.9, 21.39, 'usd', '2026-02-03 07:42:36.87+00', NULL, '015', 17.93),
('019987a4-0dc5-71bf-bbdc-798320316424', '019987a4-0dc4-7620-8796-a2936e1851c1', 2514.95, 27.93, 24.99, 'usd', '2026-02-03 07:42:36.87+00', NULL, '020', 19.55),
('019987a4-0dc5-71bf-bbdc-798320316424', '019987a4-0dc4-7620-8796-a2936e1851c1', 2979.58, 33.09, 29.61, 'usd', '2026-02-03 07:42:36.87+00', NULL, '025', 21.51),
('019987a4-0dc5-71bf-bbdc-798320316424', '019987a4-0dc4-7620-8796-a2936e1851c1', 3587.38, 39.84, 35.65, 'usd', '2026-02-03 07:42:36.87+00', NULL, '030', 23.90),
('019987a4-0dc5-71bf-bbdc-798320316424', '019987a4-0dc4-7620-8796-a2936e1851c1', 5533.26, 61.45, 54.99, 'usd', '2026-02-03 07:42:36.87+00', NULL, '040', 30.73),
('019987a4-0dc5-71bf-bbdc-798320316424', '019987a4-0dc4-7620-8796-a2936e1851c1', 9684.33, 107.55, 96.24, 'usd', '2026-02-03 07:42:36.87+00', NULL, '050', 43.02),
('019987a4-0dc5-71bf-bbdc-798320316424', '019987a4-0dc4-7620-8796-a2936e1851c1', 21521.65, 239.01, 213.87, 'usd', '2026-02-03 07:42:36.87+00', NULL, '060', 71.70),
('019987a4-0dc5-71bf-bbdc-9c1efd9513b3', '019987a4-0dc4-7620-8796-a2936e1851c1', 1125.55, 12.5, 11.19, 'usd', '2026-02-03 07:42:36.87+00', NULL, '000', 11.25),
('019987a4-0dc5-71bf-bbdc-9c1efd9513b3', '019987a4-0dc4-7620-8796-a2936e1851c1', 1276.83, 14.18, 12.69, 'usd', '2026-02-03 07:42:36.87+00', NULL, '005', 12.05),
('019987a4-0dc5-71bf-bbdc-9c1efd9513b3', '019987a4-0dc4-7620-8796-a2936e1851c1', 1460.52, 16.22, 14.51, 'usd', '2026-02-03 07:42:36.87+00', NULL, '010', 12.98),
('019987a4-0dc5-71bf-bbdc-9c1efd9513b3', '019987a4-0dc4-7620-8796-a2936e1851c1', 1687.43, 18.74, 16.77, 'usd', '2026-02-03 07:42:36.87+00', NULL, '015', 14.06),
('019987a4-0dc5-71bf-bbdc-9c1efd9513b3', '019987a4-0dc4-7620-8796-a2936e1851c1', 1972.88, 21.91, 19.61, 'usd', '2026-02-03 07:42:36.87+00', NULL, '020', 15.34),
('019987a4-0dc5-71bf-bbdc-9c1efd9513b3', '019987a4-0dc4-7620-8796-a2936e1851c1', 2339.36, 25.98, 23.25, 'usd', '2026-02-03 07:42:36.87+00', NULL, '025', 16.88),
('019987a4-0dc5-71bf-bbdc-9c1efd9513b3', '019987a4-0dc4-7620-8796-a2936e1851c1', 2813.90, 31.25, 27.96, 'usd', '2026-02-03 07:42:36.87+00', NULL, '030', 18.75),
('019987a4-0dc5-71bf-bbdc-9c1efd9513b3', '019987a4-0dc4-7620-8796-a2936e1851c1', 4341.96, 48.22, 43.15, 'usd', '2026-02-03 07:42:36.87+00', NULL, '040', 24.11),
('019987a4-0dc5-71bf-bbdc-9c1efd9513b3', '019987a4-0dc4-7620-8796-a2936e1851c1', 7597.99, 84.38, 75.5, 'usd', '2026-02-03 07:42:36.87+00', NULL, '050', 33.75),
('019987a4-0dc5-71bf-bbdc-9c1efd9513b3', '019987a4-0dc4-7620-8796-a2936e1851c1', 16883.43, 187.5, 167.78, 'usd', '2026-02-03 07:42:36.87+00', NULL, '060', 56.25),
('019987a4-0dc5-71bf-bbdc-c074edb5dcb4', '019987a4-0dc4-7620-8796-a2936e1851c1', 15.77, 0.24, 0.21, 'rub', '2026-02-03 07:42:36.87+00', NULL, '000', 14.99),
('019987a4-0dc5-71bf-bbdc-c074edb5dcb4', '019987a4-0dc4-7620-8796-a2936e1851c1', 17.76, 0.27, 0.23, 'rub', '2026-02-03 07:42:36.87+00', NULL, '005', 15.99),
('019987a4-0dc5-71bf-bbdc-c074edb5dcb4', '019987a4-0dc4-7620-8796-a2936e1851c1', 20.14, 0.31, 0.26, 'rub', '2026-02-03 07:42:36.87+00', NULL, '010', 17.13),
('019987a4-0dc5-71bf-bbdc-c074edb5dcb4', '019987a4-0dc4-7620-8796-a2936e1851c1', 23.05, 0.35, 0.3, 'rub', '2026-02-03 07:42:36.87+00', NULL, '015', 18.45),
('019987a4-0dc5-71bf-bbdc-c074edb5dcb4', '019987a4-0dc4-7620-8796-a2936e1851c1', 26.64, 0.4, 0.35, 'rub', '2026-02-03 07:42:36.87+00', NULL, '020', 19.99),
('019987a4-0dc5-71bf-bbdc-c074edb5dcb4', '019987a4-0dc4-7620-8796-a2936e1851c1', 31.14, 0.47, 0.4, 'rub', '2026-02-03 07:42:36.87+00', NULL, '025', 21.80),
('019987a4-0dc5-71bf-bbdc-c074edb5dcb4', '019987a4-0dc4-7620-8796-a2936e1851c1', 36.88, 0.56, 0.48, 'rub', '2026-02-03 07:42:36.87+00', NULL, '030', 23.98),
('019987a4-0dc5-71bf-bbdc-c074edb5dcb4', '019987a4-0dc4-7620-8796-a2936e1851c1', 54.50, 0.83, 0.71, 'rub', '2026-02-03 07:42:36.87+00', NULL, '040', 29.98),
('019987a4-0dc5-71bf-bbdc-c074edb5dcb4', '019987a4-0dc4-7620-8796-a2936e1851c1', 88.80, 1.35, 1.15, 'rub', '2026-02-03 07:42:36.87+00', NULL, '050', 39.97),
('019987a4-0dc5-71bf-bbdc-c074edb5dcb4', '019987a4-0dc4-7620-8796-a2936e1851c1', 171.32, 2.6, 2.23, 'rub', '2026-02-03 07:42:36.87+00', NULL, '060', 59.96),
('0199c022-b621-7720-9896-ea49db448533', '019987a4-0db7-732a-b1ee-7e65d6921972', 11005.29, 122.22, 109.36, 'usd', '2026-02-03 07:42:38.158+00', NULL, '000', 110.00),
('0199c022-b621-7720-9896-ea49db448533', '019987a4-0db7-732a-b1ee-7e65d6921972', 12485.63, 138.66, 124.07, 'usd', '2026-02-03 07:42:38.158+00', NULL, '005', 117.86),
('0199c022-b621-7720-9896-ea49db448533', '019987a4-0db7-732a-b1ee-7e65d6921972', 14285.63, 158.65, 141.96, 'usd', '2026-02-03 07:42:38.158+00', NULL, '010', 126.92),
('0199c022-b621-7720-9896-ea49db448533', '019987a4-0db7-732a-b1ee-7e65d6921972', 16508.84, 183.34, 164.05, 'usd', '2026-02-03 07:42:38.158+00', NULL, '015', 137.50),
('0199c022-b621-7720-9896-ea49db448533', '019987a4-0db7-732a-b1ee-7e65d6921972', 19295.73, 214.29, 191.75, 'usd', '2026-02-03 07:42:38.158+00', NULL, '020', 150.00),
('0199c022-b621-7720-9896-ea49db448533', '019987a4-0db7-732a-b1ee-7e65d6921972', 22857.01, 253.84, 227.14, 'usd', '2026-02-03 07:42:38.158+00', NULL, '025', 165.00),
('0199c022-b621-7720-9896-ea49db448533', '019987a4-0db7-732a-b1ee-7e65d6921972', 27513.24, 305.55, 273.41, 'usd', '2026-02-03 07:42:38.158+00', NULL, '030', 183.33),
('0199c022-b621-7720-9896-ea49db448533', '019987a4-0db7-732a-b1ee-7e65d6921972', 42449.00, 471.42, 421.83, 'usd', '2026-02-03 07:42:38.158+00', NULL, '040', 235.71),
('0199c022-b621-7720-9896-ea49db448533', '019987a4-0db7-732a-b1ee-7e65d6921972', 74288.02, 825.01, 738.23, 'usd', '2026-02-03 07:42:38.158+00', NULL, '050', 330.00),
('0199c022-b621-7720-9896-ea49db448533', '019987a4-0db7-732a-b1ee-7e65d6921972', 165082.19, 1833.33, 1640.48, 'usd', '2026-02-03 07:42:38.158+00', NULL, '060', 550.00),
('019a3021-8be7-76bf-bd97-e69c1a1988f3', '019987a4-0dc3-7018-8d0c-f4eb79096c2f', 186.38, 2.07, 1.85, 'usd', '2026-02-03 07:42:38.353+00', 'KZ', '000', 1.24),
('019a3021-8be7-76bf-bd97-e69c1a1988f3', '019987a4-0dc3-7018-8d0c-f4eb79096c2f', 186.38, 2.07, 1.85, 'usd', '2026-02-03 07:42:38.353+00', 'KZ', '005', 1.24),
('019a3021-8be7-76bf-bd97-e69c1a1988f3', '019987a4-0dc3-7018-8d0c-f4eb79096c2f', 186.38, 2.07, 1.85, 'usd', '2026-02-03 07:42:38.353+00', 'KZ', '010', 1.24),
('019a3021-8be7-76bf-bd97-e69c1a1988f3', '019987a4-0dc3-7018-8d0c-f4eb79096c2f', 186.38, 2.07, 1.85, 'usd', '2026-02-03 07:42:38.353+00', 'KZ', '015', 1.24),
('019a3021-8be7-76bf-bd97-e69c1a1988f3', '019987a4-0dc3-7018-8d0c-f4eb79096c2f', 186.38, 2.07, 1.85, 'usd', '2026-02-03 07:42:38.353+00', 'KZ', '020', 1.24),
('019a3021-8be7-76bf-bd97-e69c1a1988f3', '019987a4-0dc3-7018-8d0c-f4eb79096c2f', 186.38, 2.07, 1.85, 'usd', '2026-02-03 07:42:38.353+00', 'KZ', '025', 1.24),
('019a3021-8be7-76bf-bd97-e69c1a1988f3', '019987a4-0dc3-7018-8d0c-f4eb79096c2f', 186.38, 2.07, 1.85, 'usd', '2026-02-03 07:42:38.353+00', 'KZ', '030', 1.24),
('019a3021-8be7-76bf-bd97-e69c1a1988f3', '019987a4-0dc3-7018-8d0c-f4eb79096c2f', 223.30, 2.48, 2.22, 'usd', '2026-02-03 07:42:38.353+00', 'KZ', '040', 1.24),
('019a3021-8be7-76bf-bd97-e69c1a1988f3', '019987a4-0dc3-7018-8d0c-f4eb79096c2f', 280.03, 3.11, 2.78, 'usd', '2026-02-03 07:42:38.353+00', 'KZ', '050', 1.24),
('019a3021-8be7-76bf-bd97-e69c1a1988f3', '019987a4-0dc3-7018-8d0c-f4eb79096c2f', 372.78, 4.14, 3.7, 'usd', '2026-02-03 07:42:38.353+00', 'KZ', '060', 1.24);
